{
    "base_lat": 57.862083,
    "base_long": 14.132037
}